alg,folder,inner_folder,replicate,rf-rate,running-time-s,max-cpu-mb,max-gpu-mb,exit-code
stelar,1000-taxon,estimated-genetrees/model.1000.2000000.0.000001/200-gt,R10,0.1713,4.098,875.684,111.616,0
stelar,1000-taxon,estimated-genetrees/model.1000.2000000.0.000001/200-gt,R14,0.1202,4.701,912.977,113.664,0
stelar,1000-taxon,estimated-genetrees/model.1000.2000000.0.000001/200-gt,R7,0.1733,4.629,903.383,113.664,0
stelar,1000-taxon,estimated-genetrees/model.1000.2000000.0.000001/200-gt,R6,0.4679,13.814,1136.746,119.808,0
stelar,1000-taxon,estimated-genetrees/model.1000.2000000.0.000001/200-gt,R12,0.1313,4.664,882.090,113.664,0
stelar,1000-taxon,estimated-genetrees/model.1000.2000000.0.000001/200-gt,R17,0.1543,5.443,933.602,113.664,0
stelar,1000-taxon,estimated-genetrees/model.1000.2000000.0.000001/200-gt,R13,0.1934,6.947,1021.082,115.712,0
stelar,1000-taxon,estimated-genetrees/model.1000.2000000.0.000001/200-gt,R2,0.3697,7.082,954.734,113.664,0
stelar,1000-taxon,estimated-genetrees/model.1000.2000000.0.000001/200-gt,R5,0.1784,4.179,908.254,111.616,0
stelar,1000-taxon,estimated-genetrees/model.1000.2000000.0.000001/200-gt,R16,0.3307,8.122,1075.695,115.712,0
stelar,1000-taxon,estimated-genetrees/model.1000.2000000.0.000001/200-gt,R1,0.1313,4.162,911.152,111.616,0
stelar,1000-taxon,estimated-genetrees/model.1000.2000000.0.000001/200-gt,R9,0.1343,4.932,926.023,113.664,0
stelar,1000-taxon,estimated-genetrees/model.1000.2000000.0.000001/200-gt,R15,0.1393,5.288,933.047,113.664,0
stelar,1000-taxon,estimated-genetrees/model.1000.2000000.0.000001/200-gt,R3,0.1162,4.023,908.500,111.616,0
stelar,1000-taxon,estimated-genetrees/model.1000.2000000.0.000001/200-gt,R20,0.1283,5.177,927.762,113.664,0
stelar,1000-taxon,estimated-genetrees/model.1000.2000000.0.000001/200-gt,R4,0.1663,7.263,1065.703,115.712,0
stelar,1000-taxon,estimated-genetrees/model.1000.2000000.0.000001/200-gt,R19,0.1503,4.320,908.496,111.616,0
stelar,1000-taxon,estimated-genetrees/model.1000.2000000.0.000001/200-gt,R8,0.4569,11.983,1113.238,119.808,0
stelar,1000-taxon,estimated-genetrees/model.1000.2000000.0.000001/200-gt,R11,0.3377,6.670,995.645,113.664,0
stelar,1000-taxon,estimated-genetrees/model.1000.2000000.0.000001/200-gt,R18,0.1623,4.277,907.656,111.616,0
stelar,1000-taxon,estimated-genetrees/model.1000.2000000.0.000001/1000-gt,R10,0.0701,251.603,3107.352,125.952,0
stelar,1000-taxon,estimated-genetrees/model.1000.2000000.0.000001/1000-gt,R14,0.1112,342.492,2874.641,128.000,0
stelar,1000-taxon,estimated-genetrees/model.1000.2000000.0.000001/1000-gt,R7,0.1192,334.797,3341.039,128.000,0
stelar,1000-taxon,estimated-genetrees/model.1000.2000000.0.000001/1000-gt,R12,0.1132,323.916,2923.797,128.000,0
stelar,1000-taxon,estimated-genetrees/model.1000.2000000.0.000001/1000-gt,R17,0.1182,402.551,3408.500,128.000,0
stelar,1000-taxon,estimated-genetrees/model.1000.2000000.0.000001/1000-gt,R2,0.4118,617.999,3313.934,134.144,0
stelar,1000-taxon,estimated-genetrees/model.1000.2000000.0.000001/1000-gt,R5,0.1423,279.767,3185.227,125.952,0
stelar,1000-taxon,estimated-genetrees/model.1000.2000000.0.000001/1000-gt,R1,0.1162,270.582,3068.883,125.952,0
stelar,1000-taxon,estimated-genetrees/model.1000.2000000.0.000001/1000-gt,R9,0.1052,347.499,2773.020,128.000,0
stelar,1000-taxon,estimated-genetrees/model.1000.2000000.0.000001/1000-gt,R15,0.1733,380.352,3341.402,128.000,0
stelar,1000-taxon,estimated-genetrees/model.1000.2000000.0.000001/1000-gt,R3,0.0952,245.792,3047.664,125.952,0
stelar,1000-taxon,estimated-genetrees/model.1000.2000000.0.000001/1000-gt,R20,0.0802,364.549,3404.445,231.424,0
stelar,1000-taxon,estimated-genetrees/model.1000.2000000.0.000001/1000-gt,R4,0.1212,641.663,3613.215,134.144,0
stelar,1000-taxon,estimated-genetrees/model.1000.2000000.0.000001/1000-gt,R19,0.1363,275.492,3105.660,125.952,0
stelar,1000-taxon,estimated-genetrees/model.1000.2000000.0.000001/1000-gt,R8,0.4479,1275.516,5435.688,256.000,0
stelar,1000-taxon,estimated-genetrees/model.1000.2000000.0.000001/1000-gt,R11,0.1112,566.876,3563.055,134.144,0
stelar,1000-taxon,estimated-genetrees/model.1000.2000000.0.000001/1000-gt,R18,0.1493,285.314,3225.000,125.952,0
stelar,1000-taxon,estimated-genetrees/model.1000.2000000.0.000001/50-gt,R10,0.1503,0.978,398.949,109.568,0
stelar,1000-taxon,estimated-genetrees/model.1000.2000000.0.000001/50-gt,R14,0.2295,1.031,397.430,109.568,0
stelar,1000-taxon,estimated-genetrees/model.1000.2000000.0.000001/50-gt,R7,0.1733,1.003,403.496,109.568,0
stelar,1000-taxon,estimated-genetrees/model.1000.2000000.0.000001/50-gt,R6,0.5561,1.677,455.332,111.616,0
stelar,1000-taxon,estimated-genetrees/model.1000.2000000.0.000001/50-gt,R12,0.2184,0.990,406.434,109.568,0
stelar,1000-taxon,estimated-genetrees/model.1000.2000000.0.000001/50-gt,R17,0.1954,1.069,408.023,109.568,0
stelar,1000-taxon,estimated-genetrees/model.1000.2000000.0.000001/50-gt,R13,0.2084,1.098,410.742,109.568,0
stelar,1000-taxon,estimated-genetrees/model.1000.2000000.0.000001/50-gt,R2,0.3988,1.141,412.184,109.568,0
stelar,1000-taxon,estimated-genetrees/model.1000.2000000.0.000001/50-gt,R5,0.1814,0.955,405.699,109.568,0
stelar,1000-taxon,estimated-genetrees/model.1000.2000000.0.000001/50-gt,R16,0.2725,1.318,445.695,109.568,0
stelar,1000-taxon,estimated-genetrees/model.1000.2000000.0.000001/50-gt,R1,0.1483,0.968,403.598,109.568,0
stelar,1000-taxon,estimated-genetrees/model.1000.2000000.0.000001/50-gt,R9,0.1473,1.033,406.199,109.568,0
stelar,1000-taxon,estimated-genetrees/model.1000.2000000.0.000001/50-gt,R15,0.1964,1.043,409.129,109.568,0
stelar,1000-taxon,estimated-genetrees/model.1000.2000000.0.000001/50-gt,R3,0.1413,0.926,396.422,109.568,0
stelar,1000-taxon,estimated-genetrees/model.1000.2000000.0.000001/50-gt,R20,0.1413,1.064,408.039,109.568,0
stelar,1000-taxon,estimated-genetrees/model.1000.2000000.0.000001/50-gt,R4,0.2756,1.209,435.711,109.568,0
stelar,1000-taxon,estimated-genetrees/model.1000.2000000.0.000001/50-gt,R19,0.1713,0.969,406.055,109.568,0
stelar,1000-taxon,estimated-genetrees/model.1000.2000000.0.000001/50-gt,R8,0.5100,1.607,450.270,111.616,0
stelar,1000-taxon,estimated-genetrees/model.1000.2000000.0.000001/50-gt,R11,0.2695,1.102,410.996,109.568,0
stelar,1000-taxon,estimated-genetrees/model.1000.2000000.0.000001/50-gt,R18,0.1934,0.972,401.633,109.568,0
